{"cameraMode":{"drawMode":0,"name":"Shaded","section":"Shading Mode"},"sceneLighting":true,"audioPlay":false,"sceneViewState":{"m_AlwaysRefresh":false,"showFog":true,"showSkybox":true,"showFlares":true,"showImageEffects":true,"showParticleSystems":true,"showVisualEffectGraphs":true,"m_FxEnabled":true},"in2DMode":false,"pivot":{"x":2.30234956741333,"y":1.0798656940460206,"z":-0.5411058664321899},"rotation":{"x":0.10564815253019333,"y":0.49081870913505556,"z":-0.060039665549993518,"w":0.8628279566764832},"size":13.674385070800782,"orthographic":false}