{"cameraMode":{"drawMode":0,"name":"Shaded","section":"Shading Mode"},"sceneLighting":false,"audioPlay":false,"sceneViewState":{"m_AlwaysRefresh":false,"showFog":true,"showSkybox":false,"showFlares":true,"showImageEffects":true,"showParticleSystems":true,"showVisualEffectGraphs":true,"m_FxEnabled":true},"in2DMode":false,"pivot":{"x":0.40657293796539309,"y":-0.08707184344530106,"z":-0.11860831081867218},"rotation":{"x":-0.04883157089352608,"y":-0.9498263001441956,"z":0.19086997210979463,"w":-0.2430458962917328},"size":3.634556531906128,"orthographic":false}